[{"active":false,"Giataid":"490409","cityId":17263,"cityName":"Kinshasa","hotelId":490409,"hotelName":"Hotel Pour Vous","address":"22 Avenue Rep du T'Chad,Kinshasa,Congo, Democratic Republic (ex. Zaire)","phones":"+243819521333","fax":"","email":"admin@hotelpourvous.com","url":"","countryIso2":"CD","countryName":"Congo, Democratic Republic (ex. Zaire)","hotelRating":"3","latitude":"-4.30443","longitude":"15.3122","state_id":2741,"state_name":"Kinshasa","country_id":51},{"active":false,"Giataid":"601382","cityId":17278,"cityName":"Matadi","hotelId":601382,"hotelName":"Hotel Vivi Palace","address":"10 Avenue Futi Muekono,Q Cin? PALACE,Matadi,Congo, Democratic Republic (ex. Zaire)","phones":"+243990220410","fax":"","email":"","url":"http://www.vivipalace.cd/","countryIso2":"CD","countryName":"Congo, Democratic Republic (ex. Zaire)","hotelRating":"3","latitude":"-5.83959","longitude":"13.4524","state_id":2746,"state_name":"Kongo Central","country_id":51},{"active":false,"Giataid":"627389","cityId":null,"cityName":"Kolwezi","hotelId":627389,"hotelName":"Kampi Ya Boma","address":"Jollie Site,Airport Road,Kolwezi,Congo, Democratic Republic (ex. Zaire)","phones":"+243992663579","fax":"","email":"resv@copperbeltlodges.com","url":"http://www.copperbeltlodges.com/","countryIso2":"CD","countryName":"Congo, Democratic Republic (ex. Zaire)","hotelRating":"1","latitude":"-10.7476","longitude":"25.5191","state_id":null,"state_name":null,"country_id":null},{"active":false,"Giataid":"627427","cityId":null,"cityName":"Kisantu","hotelId":627427,"hotelName":"Residence Hotel Mbambu","address":"28 Avenue Du Marche,Inkisi,Congo, Democratic Republic (ex. Zaire)","phones":"","fax":"","email":"","url":"","countryIso2":"CD","countryName":"Congo, Democratic Republic (ex. Zaire)","hotelRating":"1","latitude":"0","longitude":"0","state_id":null,"state_name":null,"country_id":null},{"active":false,"Giataid":"627486","cityId":17282,"cityName":"Moanda","hotelId":627486,"hotelName":"Flat Hotel Prosper","address":"732 Av Les Sarments,Muanda,Congo, Democratic Republic (ex. Zaire)","phones":"","fax":"","email":"","url":"http://www.flathotelprosper.com/","countryIso2":"CD","countryName":"Congo, Democratic Republic (ex. Zaire)","hotelRating":"1","latitude":"-5.93338","longitude":"12.3621","state_id":2746,"state_name":"Kongo Central","country_id":51},{"active":false,"Giataid":"627489","cityId":17290,"cityName":"Uvira","hotelId":627489,"hotelName":"Villa Ilac Hotel","address":"Uvira,foot of the Uvira Mountains,lake Tangayika,Kivu Province,Congo, Democratic Republic (ex. Zaire)","phones":"+243859712566","fax":"","email":"info@villailac.com","url":"http://www.villailac.com/","countryIso2":"CD","countryName":"Congo, Democratic Republic (ex. Zaire)","hotelRating":"1","latitude":"-3.34756","longitude":"29.1733","state_id":2738,"state_name":"Sud-Kivu","country_id":51},{"active":false,"Giataid":"726014","cityId":null,"cityName":"Kolwezi","hotelId":726014,"hotelName":"Hotel Moon Palace Kolwezi","address":"4351 Route Likasi- Bloc Sep Congo,Kolwezi,Lualaba,Congo, Democratic Republic (ex. Zaire)","phones":"","fax":"","email":"","url":"","countryIso2":"CD","countryName":"Congo, Democratic Republic (ex. Zaire)","hotelRating":"1","latitude":"-10.7476","longitude":"25.5191","state_id":null,"state_name":null,"country_id":null},{"active":false,"Giataid":"726766","cityId":17263,"cityName":"Kinshasa","hotelId":726766,"hotelName":"Hotel Relax","address":"1 Avenue Colonel Ebeya,Kasai,Commune De La Gombe,Kinshasa,Congo, Democratic Republic (ex. Zaire)","phones":"","fax":"","email":"","url":"","countryIso2":"CD","countryName":"Congo, Democratic Republic (ex. Zaire)","hotelRating":"1","latitude":"-4.30392","longitude":"15.3159","state_id":2741,"state_name":"Kinshasa","country_id":51},{"active":false,"Giataid":"741070","cityId":17272,"cityName":"Lubumbashi","hotelId":741070,"hotelName":"The Big 5 Hotel","address":"8058 Croisement Mwenda et Nyota Golf,Lubumbashi 7010,Congo, Democratic Republic (ex. Zaire)","phones":"","fax":"","email":"","url":"","countryIso2":"CD","countryName":"Congo, Democratic Republic (ex. Zaire)","hotelRating":"1","latitude":"-11.6445","longitude":"27.4704","state_id":2750,"state_name":"Haut-Katanga","country_id":51},{"active":false,"Giataid":"768991","cityId":17263,"cityName":"Kinshasa","hotelId":768991,"hotelName":"Grand Hotel De Kinshasa","address":"4 Avenue Batetela,Kinshasa,Congo, Democratic Republic (ex. Zaire)","phones":"+243851802801","fax":"+243815553005","email":"h9904@accor.com","url":"https://www.accorhotels.com/de/hotel-9904-grand-hotel-de-kinshasa/index.shtml","countryIso2":"CD","countryName":"Congo, Democratic Republic (ex. Zaire)","hotelRating":"3","latitude":"-4.31246","longitude":"15.2734","state_id":2741,"state_name":"Kinshasa","country_id":51},{"active":false,"Giataid":"800586","cityId":17272,"cityName":"Lubumbashi","hotelId":800586,"hotelName":"Oasis Hotel","address":"Avenue Kapenda,Lubumbashi,Congo, Democratic Republic (ex. Zaire)","phones":"","fax":"","email":"","url":"","countryIso2":"CD","countryName":"Congo, Democratic Republic (ex. Zaire)","hotelRating":"1","latitude":"-11.6445","longitude":"27.4704","state_id":2750,"state_name":"Haut-Katanga","country_id":51},{"active":false,"Giataid":"800603","cityId":17263,"cityName":"Kinshasa","hotelId":800603,"hotelName":"Hotel Everest Rd Congo","address":"165 Avenue Kibati,Rond-Point Huileries,Kinshasa,Congo, Democratic Republic (ex. Zaire)","phones":"","fax":"","email":"","url":"","countryIso2":"CD","countryName":"Congo, Democratic Republic (ex. Zaire)","hotelRating":"1","latitude":"-4.30812","longitude":"15.295","state_id":2741,"state_name":"Kinshasa","country_id":51},{"active":false,"Giataid":"801710","cityId":17272,"cityName":"Lubumbashi","hotelId":801710,"hotelName":"Park Hotel","address":"50 Avenue Munongo,Lubumbashi,Congo, Democratic Republic (ex. Zaire)","phones":"","fax":"","email":"","url":"","countryIso2":"CD","countryName":"Congo, Democratic Republic (ex. Zaire)","hotelRating":"1","latitude":"-11.6445","longitude":"27.4704","state_id":2750,"state_name":"Haut-Katanga","country_id":51},{"active":false,"Giataid":"801723","cityId":17272,"cityName":"Lubumbashi","hotelId":801723,"hotelName":"The Riverside Hotel","address":"10 Avenue Chemin Public,Quartier Golf-Tshamalale,Lubumbashi,Congo, Democratic Republic (ex. Zaire)","phones":"","fax":"","email":"reservation@rivershidehotel-lub.com","url":"http://www.theriverside-hotel.com","countryIso2":"CD","countryName":"Congo, Democratic Republic (ex. Zaire)","hotelRating":"1","latitude":"-11.6445","longitude":"27.4704","state_id":2750,"state_name":"Haut-Katanga","country_id":51},{"active":false,"Giataid":"801729","cityId":17263,"cityName":"Kinshasa","hotelId":801729,"hotelName":"Hotel Ascension","address":"Boulevard Colonel Tshatshi,Kinshasa,Congo, Democratic Republic (ex. Zaire)","phones":"","fax":"","email":"","url":"","countryIso2":"CD","countryName":"Congo, Democratic Republic (ex. Zaire)","hotelRating":"1","latitude":"-4.30812","longitude":"15.295","state_id":2741,"state_name":"Kinshasa","country_id":51},{"active":false,"Giataid":"801740","cityId":17278,"cityName":"Matadi","hotelId":801740,"hotelName":"Hotel Fortune","address":"11 Avenue Mpolo,En Face De Procredit Bank,Matadi,Congo, Democratic Republic (ex. Zaire)","phones":"","fax":"","email":"","url":"","countryIso2":"CD","countryName":"Congo, Democratic Republic (ex. Zaire)","hotelRating":"1","latitude":"0","longitude":"0","state_id":2746,"state_name":"Kongo Central","country_id":51},{"active":false,"Giataid":"801743","cityId":17278,"cityName":"Matadi","hotelId":801743,"hotelName":"Hotel Formoza","address":"450 Avenue Nkalakala,Matadi,Congo, Democratic Republic (ex. Zaire)","phones":"","fax":"","email":"","url":"http://www.hotel-formoza.com","countryIso2":"CD","countryName":"Congo, Democratic Republic (ex. Zaire)","hotelRating":"1","latitude":"0","longitude":"0","state_id":2746,"state_name":"Kongo Central","country_id":51},{"active":false,"Giataid":"801744","cityId":17263,"cityName":"Kinshasa","hotelId":801744,"hotelName":"Star Bar","address":"Rue De Kigoma,Kinshasa,Congo, Democratic Republic (ex. Zaire)","phones":"","fax":"","email":"","url":"","countryIso2":"CD","countryName":"Congo, Democratic Republic (ex. Zaire)","hotelRating":"1","latitude":"-4.30812","longitude":"15.295","state_id":2741,"state_name":"Kinshasa","country_id":51},{"active":false,"Giataid":"801751","cityId":17278,"cityName":"Matadi","hotelId":801751,"hotelName":"Hotel Silem","address":"Avenue Nkalakala,Matadi,Congo, Democratic Republic (ex. Zaire)","phones":"","fax":"","email":"","url":"","countryIso2":"CD","countryName":"Congo, Democratic Republic (ex. Zaire)","hotelRating":"1","latitude":"0","longitude":"0","state_id":2746,"state_name":"Kongo Central","country_id":51},{"active":false,"Giataid":"801752","cityId":17278,"cityName":"Matadi","hotelId":801752,"hotelName":"Hirhode Residence","address":"Avenue Nkalakala,Matadi,Congo, Democratic Republic (ex. Zaire)","phones":"","fax":"","email":"","url":"","countryIso2":"CD","countryName":"Congo, Democratic Republic (ex. Zaire)","hotelRating":"1","latitude":"0","longitude":"0","state_id":2746,"state_name":"Kongo Central","country_id":51},{"active":false,"Giataid":"801753","cityId":17272,"cityName":"Lubumbashi","hotelId":801753,"hotelName":"Hotel Mamba","address":"Avenue Kabongo,Lubumbashi,Congo, Democratic Republic (ex. Zaire)","phones":"","fax":"","email":"","url":"","countryIso2":"CD","countryName":"Congo, Democratic Republic (ex. Zaire)","hotelRating":"1","latitude":"-11.6445","longitude":"27.4704","state_id":2750,"state_name":"Haut-Katanga","country_id":51},{"active":false,"Giataid":"801757","cityId":17272,"cityName":"Lubumbashi","hotelId":801757,"hotelName":"Hotel Canari","address":"Avenue Des Cimetieres,Lubumbashi,Congo, Democratic Republic (ex. Zaire)","phones":"","fax":"","email":"","url":"","countryIso2":"CD","countryName":"Congo, Democratic Republic (ex. Zaire)","hotelRating":"1","latitude":"-11.6445","longitude":"27.4704","state_id":2750,"state_name":"Haut-Katanga","country_id":51},{"active":false,"Giataid":"801766","cityId":17272,"cityName":"Lubumbashi","hotelId":801766,"hotelName":"Saddha","address":"Avenue Upemba Rue 11,Lubumbashi,Congo, Democratic Republic (ex. Zaire)","phones":"","fax":"","email":"","url":"","countryIso2":"CD","countryName":"Congo, Democratic Republic (ex. Zaire)","hotelRating":"1","latitude":"-11.6445","longitude":"27.4704","state_id":2750,"state_name":"Haut-Katanga","country_id":51},{"active":false,"Giataid":"801774","cityId":17272,"cityName":"Lubumbashi","hotelId":801774,"hotelName":"Hotel Tshomelome I","address":"Avenue Des Cimetieres,Lubumbashi,Congo, Democratic Republic (ex. Zaire)","phones":"","fax":"","email":"","url":"","countryIso2":"CD","countryName":"Congo, Democratic Republic (ex. Zaire)","hotelRating":"1","latitude":"-11.6445","longitude":"27.4704","state_id":2750,"state_name":"Haut-Katanga","country_id":51},{"active":false,"Giataid":"802519","cityId":17263,"cityName":"Kinshasa","hotelId":802519,"hotelName":"Sultani Hotel","address":"30 Avenue De La Justice,Kinshasa 3630,Congo, Democratic Republic (ex. Zaire)","phones":"","fax":"","email":"","url":"http://www.sultanihotel.com","countryIso2":"CD","countryName":"Congo, Democratic Republic (ex. Zaire)","hotelRating":"1","latitude":"-4.30812","longitude":"15.295","state_id":2741,"state_name":"Kinshasa","country_id":51},{"active":false,"Giataid":"802525","cityId":17272,"cityName":"Lubumbashi","hotelId":802525,"hotelName":"Hotel Jedra & Sisters","address":"Avenue Munua,Lubumbashi,Congo, Democratic Republic (ex. Zaire)","phones":"","fax":"","email":"","url":"","countryIso2":"CD","countryName":"Congo, Democratic Republic (ex. Zaire)","hotelRating":"1","latitude":"-11.6445","longitude":"27.4704","state_id":2750,"state_name":"Haut-Katanga","country_id":51},{"active":false,"Giataid":"802526","cityId":17272,"cityName":"Lubumbashi","hotelId":802526,"hotelName":"Hotel Du Centre","address":"Avenue Lomami,Lubumbashi,Congo, Democratic Republic (ex. Zaire)","phones":"","fax":"","email":"","url":"","countryIso2":"CD","countryName":"Congo, Democratic Republic (ex. Zaire)","hotelRating":"1","latitude":"-11.6445","longitude":"27.4704","state_id":2750,"state_name":"Haut-Katanga","country_id":51},{"active":false,"Giataid":"802532","cityId":17272,"cityName":"Lubumbashi","hotelId":802532,"hotelName":"Celesta Lodge","address":"2072 Changalele Avenue,Quartier Gambela,Commune,Lubumbashi,Congo, Democratic Republic (ex. Zaire)","phones":"","fax":"","email":"","url":"","countryIso2":"CD","countryName":"Congo, Democratic Republic (ex. Zaire)","hotelRating":"1","latitude":"-11.6445","longitude":"27.4704","state_id":2750,"state_name":"Haut-Katanga","country_id":51},{"active":false,"Giataid":"802530","cityId":17263,"cityName":"Kinshasa","hotelId":802530,"hotelName":"Flat Alpha","address":"19 Avenue Kingabwa,Quartier Elengesa Karthoum,Commune De Ngiri Ngiri,Kinshasa,Congo, Democratic Republic (ex. Zaire)","phones":"","fax":"","email":"","url":"","countryIso2":"CD","countryName":"Congo, Democratic Republic (ex. Zaire)","hotelRating":"1","latitude":"-4.30812","longitude":"15.295","state_id":2741,"state_name":"Kinshasa","country_id":51},{"active":false,"Giataid":"802535","cityId":17272,"cityName":"Lubumbashi","hotelId":802535,"hotelName":"Hotel Planet Hollybum","address":"975 Avenue Kilele Balanda,Lubumbashi,Congo, Democratic Republic (ex. Zaire)","phones":"+243997030256","fax":"","email":"planethotelh@gmail.com","url":"http://planet-hollybum.com/fr","countryIso2":"CD","countryName":"Congo, Democratic Republic (ex. Zaire)","hotelRating":"1","latitude":"-11.6445","longitude":"27.4704","state_id":2750,"state_name":"Haut-Katanga","country_id":51},{"active":false,"Giataid":"802539","cityId":17263,"cityName":"Kinshasa","hotelId":802539,"hotelName":"Pyramide Hotel 1","address":"35 Avenue Nguma II,Ma Campagne,Kinshasa,Congo, Democratic Republic (ex. Zaire)","phones":"","fax":"","email":"","url":"","countryIso2":"CD","countryName":"Congo, Democratic Republic (ex. Zaire)","hotelRating":"1","latitude":"-4.30812","longitude":"15.295","state_id":2741,"state_name":"Kinshasa","country_id":51},{"active":false,"Giataid":"802551","cityId":17272,"cityName":"Lubumbashi","hotelId":802551,"hotelName":"Bougainvilla Guesthouse","address":"5859 Lukonzolwa Avenue,Golf Area,Lubumbashi,Katanga Province,Congo, Democratic Republic (ex. Zaire)","phones":"","fax":"","email":"bougainvillaguesthouse@gmail.com","url":"http://bougainvilla-guesthouse.com","countryIso2":"CD","countryName":"Congo, Democratic Republic (ex. Zaire)","hotelRating":"1","latitude":"-11.6445","longitude":"27.4704","state_id":2750,"state_name":"Haut-Katanga","country_id":51},{"active":false,"Giataid":"802547","cityId":17272,"cityName":"Lubumbashi","hotelId":802547,"hotelName":"Hotel Diesse","address":"Avenue Tshiniama,Lubumbashi,Congo, Democratic Republic (ex. Zaire)","phones":"","fax":"","email":"","url":"","countryIso2":"CD","countryName":"Congo, Democratic Republic (ex. Zaire)","hotelRating":"1","latitude":"-11.6445","longitude":"27.4704","state_id":2750,"state_name":"Haut-Katanga","country_id":51},{"active":false,"Giataid":"802549","cityId":17263,"cityName":"Kinshasa","hotelId":802549,"hotelName":"Hotel Emilton Saint Jean","address":"253 Avenue Nyangwe Lingwala,Kinshasa,Congo, Democratic Republic (ex. Zaire)","phones":"","fax":"","email":"","url":"","countryIso2":"CD","countryName":"Congo, Democratic Republic (ex. Zaire)","hotelRating":"1","latitude":"-4.30812","longitude":"15.295","state_id":2741,"state_name":"Kinshasa","country_id":51},{"active":false,"Giataid":"802564","cityId":17278,"cityName":"Matadi","hotelId":802564,"hotelName":"Hotel Lomami","address":"1 Avenue kakongo,Matadi,Congo, Democratic Republic (ex. Zaire)","phones":"","fax":"","email":"","url":"http://www.booking.com/hotel/cd/lomami.en-gb.html?aid=357026","countryIso2":"CD","countryName":"Congo, Democratic Republic (ex. Zaire)","hotelRating":"1","latitude":"0","longitude":"0","state_id":2746,"state_name":"Kongo Central","country_id":51},{"active":false,"Giataid":"802566","cityId":17263,"cityName":"Kinshasa","hotelId":802566,"hotelName":"Hotel Fracas","address":"Avenue De La Victoire,Kinshasa,Congo, Democratic Republic (ex. Zaire)","phones":"","fax":"","email":"","url":"","countryIso2":"CD","countryName":"Congo, Democratic Republic (ex. Zaire)","hotelRating":"1","latitude":"-4.30812","longitude":"15.295","state_id":2741,"state_name":"Kinshasa","country_id":51},{"active":false,"Giataid":"802569","cityId":17278,"cityName":"Matadi","hotelId":802569,"hotelName":"Hotel Panorama","address":"9 Avenue Nzuzi Woyo,Matadi,Congo, Democratic Republic (ex. Zaire)","phones":"","fax":"","email":"","url":"","countryIso2":"CD","countryName":"Congo, Democratic Republic (ex. Zaire)","hotelRating":"1","latitude":"0","longitude":"0","state_id":2746,"state_name":"Kongo Central","country_id":51},{"active":false,"Giataid":"802576","cityId":17272,"cityName":"Lubumbashi","hotelId":802576,"hotelName":"Transit Hotel","address":"Rue Lubilashi,Lubumbashi,Congo, Democratic Republic (ex. Zaire)","phones":"","fax":"","email":"","url":"","countryIso2":"CD","countryName":"Congo, Democratic Republic (ex. Zaire)","hotelRating":"1","latitude":"-11.6445","longitude":"27.4704","state_id":2750,"state_name":"Haut-Katanga","country_id":51},{"active":false,"Giataid":"802581","cityId":17272,"cityName":"Lubumbashi","hotelId":802581,"hotelName":"New Kango Ii Hotel","address":"Avenue Sandoa,Lubumbashi,Congo, Democratic Republic (ex. Zaire)","phones":"","fax":"","email":"","url":"","countryIso2":"CD","countryName":"Congo, Democratic Republic (ex. Zaire)","hotelRating":"1","latitude":"-11.6445","longitude":"27.4704","state_id":2750,"state_name":"Haut-Katanga","country_id":51},{"active":false,"Giataid":"802582","cityId":17272,"cityName":"Lubumbashi","hotelId":802582,"hotelName":"Hotel Tshinawej","address":"Avenue Des Babemba,Lubumbashi,Congo, Democratic Republic (ex. Zaire)","phones":"","fax":"","email":"","url":"","countryIso2":"CD","countryName":"Congo, Democratic Republic (ex. Zaire)","hotelRating":"1","latitude":"-11.6445","longitude":"27.4704","state_id":2750,"state_name":"Haut-Katanga","country_id":51},{"active":false,"Giataid":"802584","cityId":17272,"cityName":"Lubumbashi","hotelId":802584,"hotelName":"Idris Hotel","address":"Rue Kabambare,Lubumbashi,Congo, Democratic Republic (ex. Zaire)","phones":"","fax":"","email":"","url":"","countryIso2":"CD","countryName":"Congo, Democratic Republic (ex. Zaire)","hotelRating":"1","latitude":"-11.6445","longitude":"27.4704","state_id":2750,"state_name":"Haut-Katanga","country_id":51},{"active":false,"Giataid":"802599","cityId":17272,"cityName":"Lubumbashi","hotelId":802599,"hotelName":"Hotel Da Ruth","address":"Avenue Manono,Lubumbashi,Congo, Democratic Republic (ex. Zaire)","phones":"","fax":"","email":"","url":"","countryIso2":"CD","countryName":"Congo, Democratic Republic (ex. Zaire)","hotelRating":"1","latitude":"-11.6445","longitude":"27.4704","state_id":2750,"state_name":"Haut-Katanga","country_id":51},{"active":false,"Giataid":"802601","cityId":17272,"cityName":"Lubumbashi","hotelId":802601,"hotelName":"Hotel Restaurant Maoyu Fei","address":"1948 Avenue Lulangunu,Lubumbashi,Congo, Democratic Republic (ex. Zaire)","phones":"","fax":"","email":"","url":"","countryIso2":"CD","countryName":"Congo, Democratic Republic (ex. Zaire)","hotelRating":"1","latitude":"-11.6445","longitude":"27.4704","state_id":2750,"state_name":"Haut-Katanga","country_id":51},{"active":false,"Giataid":"802610","cityId":17263,"cityName":"Kinshasa","hotelId":802610,"hotelName":"Residence Moty","address":"Avenue Du Bas Congo,Kinshasa,Congo, Democratic Republic (ex. Zaire)","phones":"","fax":"","email":"","url":"","countryIso2":"CD","countryName":"Congo, Democratic Republic (ex. Zaire)","hotelRating":"1","latitude":"-4.30812","longitude":"15.295","state_id":2741,"state_name":"Kinshasa","country_id":51},{"active":false,"Giataid":"804969","cityId":17263,"cityName":"Kinshasa","hotelId":804969,"hotelName":"Hotel Margerit","address":"Avenue de Kabinda 62,Kinshasa,Congo, Democratic Republic (ex. Zaire)","phones":"","fax":"","email":"","url":"","countryIso2":"CD","countryName":"Congo, Democratic Republic (ex. Zaire)","hotelRating":"1","latitude":"-4.30812","longitude":"15.295","state_id":2741,"state_name":"Kinshasa","country_id":51},{"active":false,"Giataid":"805959","cityId":17272,"cityName":"Lubumbashi","hotelId":805959,"hotelName":"Hotel Ouagadougou","address":"Route Likasi,Lubumbashi,Congo, Democratic Republic (ex. Zaire)","phones":"","fax":"","email":"","url":"","countryIso2":"CD","countryName":"Congo, Democratic Republic (ex. Zaire)","hotelRating":"1","latitude":"-11.6445","longitude":"27.4704","state_id":2750,"state_name":"Haut-Katanga","country_id":51},{"active":false,"Giataid":"807021","cityId":17263,"cityName":"Kinshasa","hotelId":807021,"hotelName":"Hotel Cana","address":"3873 Avenue Des Palmiers,Gombe,Kinshasa,Congo, Democratic Republic (ex. Zaire)","phones":"","fax":"","email":"cana@hotelcana.com","url":"http://hotelcana.com/","countryIso2":"CD","countryName":"Congo, Democratic Republic (ex. Zaire)","hotelRating":"4","latitude":"-4.30812","longitude":"15.295","state_id":2741,"state_name":"Kinshasa","country_id":51},{"active":false,"Giataid":"807026","cityId":17272,"cityName":"Lubumbashi","hotelId":807026,"hotelName":"Morija Hotel","address":"Avenue Lumpungu,Lubumbashi,Congo, Democratic Republic (ex. Zaire)","phones":"","fax":"","email":"","url":"","countryIso2":"CD","countryName":"Congo, Democratic Republic (ex. Zaire)","hotelRating":"1","latitude":"-11.6445","longitude":"27.4704","state_id":2750,"state_name":"Haut-Katanga","country_id":51},{"active":false,"Giataid":"807029","cityId":17272,"cityName":"Lubumbashi","hotelId":807029,"hotelName":"La Fantaisie Hotel","address":"Avenue Kilele Balanda,Lubumbashi,Congo, Democratic Republic (ex. Zaire)","phones":"","fax":"","email":"","url":"","countryIso2":"CD","countryName":"Congo, Democratic Republic (ex. Zaire)","hotelRating":"1","latitude":"-11.6445","longitude":"27.4704","state_id":2750,"state_name":"Haut-Katanga","country_id":51},{"active":false,"Giataid":"808517","cityId":17263,"cityName":"Kinshasa","hotelId":808517,"hotelName":"Hotel Chez Belle Vie I","address":"70 Boulevard Du 30 Juin,Opposite Min Du Travail,Kinshasa,Congo, Democratic Republic (ex. Zaire)","phones":"","fax":"","email":"boulevard@hotelbellevie.com","url":"http://hotelbellevie.com/boulevard/","countryIso2":"CD","countryName":"Congo, Democratic Republic (ex. Zaire)","hotelRating":"1","latitude":"-4.30812","longitude":"15.295","state_id":2741,"state_name":"Kinshasa","country_id":51},{"active":false,"Giataid":"808522","cityId":17263,"cityName":"Kinshasa","hotelId":808522,"hotelName":"Auberge Le Marinel","address":"Avenue Le Ngambu,Kinshasa,Congo, Democratic Republic (ex. Zaire)","phones":"+243818116989","fax":"","email":"lemarinel2002@yahoo.fr","url":"http://lemarinel-kinshasa.com","countryIso2":"CD","countryName":"Congo, Democratic Republic (ex. Zaire)","hotelRating":"1","latitude":"-4.30812","longitude":"15.295","state_id":2741,"state_name":"Kinshasa","country_id":51},{"active":false,"Giataid":"808550","cityId":17272,"cityName":"Lubumbashi","hotelId":808550,"hotelName":"Elila Hotel","address":"Chaussee De Kasenga,Lubumbashi,Congo, Democratic Republic (ex. Zaire)","phones":"","fax":"","email":"","url":"","countryIso2":"CD","countryName":"Congo, Democratic Republic (ex. Zaire)","hotelRating":"1","latitude":"-11.6445","longitude":"27.4704","state_id":2750,"state_name":"Haut-Katanga","country_id":51},{"active":false,"Giataid":"808551","cityId":17272,"cityName":"Lubumbashi","hotelId":808551,"hotelName":"Hotel Pavillon","address":"494 Avenue Munua Chemin Public,Lubumbashi,Congo, Democratic Republic (ex. Zaire)","phones":"","fax":"","email":"","url":"","countryIso2":"CD","countryName":"Congo, Democratic Republic (ex. Zaire)","hotelRating":"1","latitude":"-11.6445","longitude":"27.4704","state_id":2750,"state_name":"Haut-Katanga","country_id":51},{"active":false,"Giataid":"808554","cityId":17263,"cityName":"Kinshasa","hotelId":808554,"hotelName":"Luntu Hotel","address":"Avenida Milolo 3,Crois Q/GB,Kinshasa,Congo, Democratic Republic (ex. Zaire)","phones":"","fax":"","email":"","url":"","countryIso2":"CD","countryName":"Congo, Democratic Republic (ex. Zaire)","hotelRating":"1","latitude":"-4.30812","longitude":"15.295","state_id":2741,"state_name":"Kinshasa","country_id":51},{"active":false,"Giataid":"808564","cityId":17263,"cityName":"Kinshasa","hotelId":808564,"hotelName":"Flat Hotel La Cave 8","address":"Avenue Du Progres,Kinshasa,Congo, Democratic Republic (ex. Zaire)","phones":"","fax":"","email":"","url":"","countryIso2":"CD","countryName":"Congo, Democratic Republic (ex. Zaire)","hotelRating":"1","latitude":"-4.30812","longitude":"15.295","state_id":2741,"state_name":"Kinshasa","country_id":51},{"active":false,"Giataid":"808569","cityId":17263,"cityName":"Kinshasa","hotelId":808569,"hotelName":"Standing House","address":"Avenue Masiala 5,Kinshasa,Congo, Democratic Republic (ex. Zaire)","phones":"","fax":"","email":"","url":"","countryIso2":"CD","countryName":"Congo, Democratic Republic (ex. Zaire)","hotelRating":"1","latitude":"-4.30812","longitude":"15.295","state_id":2741,"state_name":"Kinshasa","country_id":51},{"active":false,"Giataid":"808577","cityId":17263,"cityName":"Kinshasa","hotelId":808577,"hotelName":"Aldiame Hotel","address":"4083 Avenue Progres,Quartier Bon Marche,Commune De Barumbu,Kinshasa,Congo, Democratic Republic (ex. Zaire)","phones":"","fax":"","email":"","url":"","countryIso2":"CD","countryName":"Congo, Democratic Republic (ex. Zaire)","hotelRating":"1","latitude":"-4.30812","longitude":"15.295","state_id":2741,"state_name":"Kinshasa","country_id":51},{"active":false,"Giataid":"809609","cityId":17263,"cityName":"Kinshasa","hotelId":809609,"hotelName":"Kabe Hotel","address":"Avenue De Kabinda,Kinshasa,Congo, Democratic Republic (ex. Zaire)","phones":"","fax":"","email":"","url":"","countryIso2":"CD","countryName":"Congo, Democratic Republic (ex. Zaire)","hotelRating":"1","latitude":"-4.30812","longitude":"15.295","state_id":2741,"state_name":"Kinshasa","country_id":51},{"active":false,"Giataid":"809624","cityId":17272,"cityName":"Lubumbashi","hotelId":809624,"hotelName":"New Kango I Hotel","address":"Avenue Kilele Balanda,Lubumbashi,Congo, Democratic Republic (ex. Zaire)","phones":"","fax":"","email":"","url":"","countryIso2":"CD","countryName":"Congo, Democratic Republic (ex. Zaire)","hotelRating":"1","latitude":"-11.6445","longitude":"27.4704","state_id":2750,"state_name":"Haut-Katanga","country_id":51},{"active":false,"Giataid":"810846","cityId":17272,"cityName":"Lubumbashi","hotelId":810846,"hotelName":"Sky Lodge","address":"7710 Avenue Kilwa,Quartier,Lido Golf,Lubumbashi,Congo, Democratic Republic (ex. Zaire)","phones":"","fax":"","email":"skylodge@ymail.com","url":"http://skylodge.cd","countryIso2":"CD","countryName":"Congo, Democratic Republic (ex. Zaire)","hotelRating":"1","latitude":"-11.6445","longitude":"27.4704","state_id":2750,"state_name":"Haut-Katanga","country_id":51},{"active":false,"Giataid":"810847","cityId":17263,"cityName":"Kinshasa","hotelId":810847,"hotelName":"Lolo La Cravete Hotel","address":"Avenu 13,Macampagne,Kinshasa,Congo, Democratic Republic (ex. Zaire)","phones":"","fax":"","email":"","url":"","countryIso2":"CD","countryName":"Congo, Democratic Republic (ex. Zaire)","hotelRating":"1","latitude":"-4.30812","longitude":"15.295","state_id":2741,"state_name":"Kinshasa","country_id":51},{"active":false,"Giataid":"810861","cityId":17278,"cityName":"Matadi","hotelId":810861,"hotelName":"3x House Hotel","address":"5200 Avenue Longo Sita,Commune De Matadi,Matadi,Congo, Democratic Republic (ex. Zaire)","phones":"","fax":"","email":"","url":"","countryIso2":"CD","countryName":"Congo, Democratic Republic (ex. Zaire)","hotelRating":"1","latitude":"0","longitude":"0","state_id":2746,"state_name":"Kongo Central","country_id":51},{"active":false,"Giataid":"810865","cityId":null,"cityName":"Kolwezi","hotelId":810865,"hotelName":"Sun Africa Resort","address":"229 Route Likasi,Quartier Musompo,Commune Monica,Kolwezi,Congo, Democratic Republic (ex. Zaire)","phones":"","fax":"","email":"booking@sunafricaresort.com","url":"http://sunafricaresort.com","countryIso2":"CD","countryName":"Congo, Democratic Republic (ex. Zaire)","hotelRating":"1","latitude":"-10.7476","longitude":"25.5191","state_id":null,"state_name":null,"country_id":null},{"active":false,"Giataid":"810868","cityId":17272,"cityName":"Lubumbashi","hotelId":810868,"hotelName":"Wambe Hotel","address":"Avenue Munua,Quartier Golf Terminus,Lubumbashi,Congo, Democratic Republic (ex. Zaire)","phones":"","fax":"","email":"","url":"","countryIso2":"CD","countryName":"Congo, Democratic Republic (ex. Zaire)","hotelRating":"1","latitude":"-11.6445","longitude":"27.4704","state_id":2750,"state_name":"Haut-Katanga","country_id":51},{"active":false,"Giataid":"810871","cityId":17272,"cityName":"Lubumbashi","hotelId":810871,"hotelName":"Kel Saint Hotel","address":"Avenida Haut Katanga,Lubumbashi,Congo, Democratic Republic (ex. Zaire)","phones":"","fax":"","email":"","url":"","countryIso2":"CD","countryName":"Congo, Democratic Republic (ex. Zaire)","hotelRating":"1","latitude":"-11.6445","longitude":"27.4704","state_id":2750,"state_name":"Haut-Katanga","country_id":51},{"active":false,"Giataid":"810877","cityId":17263,"cityName":"Kinshasa","hotelId":810877,"hotelName":"Green Lodge","address":"24 Avenue Des Senegalais,Commune De La Gombe,Non Loin De Super Marche Orca,Kinshasa,Congo, Democratic Republic (ex. Zaire)","phones":"","fax":"","email":"contact@greenlodgerdc.net","url":"http://www.greenlodgerdc.net","countryIso2":"CD","countryName":"Congo, Democratic Republic (ex. Zaire)","hotelRating":"1","latitude":"-4.30812","longitude":"15.295","state_id":2741,"state_name":"Kinshasa","country_id":51},{"active":false,"Giataid":"810885","cityId":17263,"cityName":"Kinshasa","hotelId":810885,"hotelName":"Hotel Bella Riva","address":"Avenue De La Mission,Kinshasa,Congo, Democratic Republic (ex. Zaire)","phones":"","fax":"","email":"info@hotelbellariva.com","url":"http://www.hotelbellarivardc.com","countryIso2":"CD","countryName":"Congo, Democratic Republic (ex. Zaire)","hotelRating":"1","latitude":"-4.30812","longitude":"15.295","state_id":2741,"state_name":"Kinshasa","country_id":51},{"active":false,"Giataid":"812204","cityId":17278,"cityName":"Matadi","hotelId":812204,"hotelName":"Hotel la Fleur","address":"30 route kinkanda Quartier ville haute,Matadi,Congo, Democratic Republic (ex. Zaire)","phones":"","fax":"","email":"","url":"","countryIso2":"CD","countryName":"Congo, Democratic Republic (ex. Zaire)","hotelRating":"1","latitude":"0","longitude":"0","state_id":2746,"state_name":"Kongo Central","country_id":51},{"active":false,"Giataid":"814319","cityId":17263,"cityName":"Kinshasa","hotelId":814319,"hotelName":"Hotel Rennaissance Jumeaux","address":"2 Avenida Dibaya,Matonge,Kinshas,Kalamu,Congo, Democratic Republic (ex. Zaire)","phones":"","fax":"","email":"jumeauxdistribution@yahoo.fr","url":"http://hotelrenaissancejumeaux.com","countryIso2":"CD","countryName":"Congo, Democratic Republic (ex. Zaire)","hotelRating":"1","latitude":"-4.30812","longitude":"15.295","state_id":2741,"state_name":"Kinshasa","country_id":51},{"active":false,"Giataid":"814325","cityId":17263,"cityName":"Kinshasa","hotelId":814325,"hotelName":"Star Hotel","address":"Rue De Baraka,Kinshasa,Congo, Democratic Republic (ex. Zaire)","phones":"","fax":"","email":"","url":"","countryIso2":"CD","countryName":"Congo, Democratic Republic (ex. Zaire)","hotelRating":"1","latitude":"-4.30812","longitude":"15.295","state_id":2741,"state_name":"Kinshasa","country_id":51},{"active":false,"Giataid":"815580","cityId":17263,"cityName":"Kinshasa","hotelId":815580,"hotelName":"Hotel Chez Belle Vie II","address":"5 Colonel Ebeya Avenue,Kinshasa,Gombe,Congo, Democratic Republic (ex. Zaire)","phones":"","fax":"","email":"colonelebeya@hotelbellevie.com","url":"http://www.hotelbellevie.com/colonel-ebeya/","countryIso2":"CD","countryName":"Congo, Democratic Republic (ex. Zaire)","hotelRating":"3","latitude":"-4.30812","longitude":"15.295","state_id":2741,"state_name":"Kinshasa","country_id":51},{"active":false,"Giataid":"815606","cityId":17278,"cityName":"Matadi","hotelId":815606,"hotelName":"Flat Hotel Ledya","address":"Avenue Nkalakala,Matadi,Congo, Democratic Republic (ex. Zaire)","phones":"","fax":"","email":"","url":"","countryIso2":"CD","countryName":"Congo, Democratic Republic (ex. Zaire)","hotelRating":"1","latitude":"0","longitude":"0","state_id":2746,"state_name":"Kongo Central","country_id":51},{"active":false,"Giataid":"815626","cityId":17272,"cityName":"Lubumbashi","hotelId":815626,"hotelName":"Hotel Nouvelle Generation","address":"Avenue Kapenda,Lubumbashi,Congo, Democratic Republic (ex. Zaire)","phones":"","fax":"","email":"","url":"","countryIso2":"CD","countryName":"Congo, Democratic Republic (ex. Zaire)","hotelRating":"1","latitude":"-11.6445","longitude":"27.4704","state_id":2750,"state_name":"Haut-Katanga","country_id":51},{"active":false,"Giataid":"816555","cityId":17282,"cityName":"Moanda","hotelId":816555,"hotelName":"La Beviour","address":"Avenue De La Mission 1,Quartier Ocean,Muanda,Congo, Democratic Republic (ex. Zaire)","phones":"","fax":"","email":"info@labeviourhotel.com","url":"http://www.labeviourhotel.com","countryIso2":"CD","countryName":"Congo, Democratic Republic (ex. Zaire)","hotelRating":"1","latitude":"0","longitude":"0","state_id":2746,"state_name":"Kongo Central","country_id":51},{"active":false,"Giataid":"816586","cityId":17263,"cityName":"Kinshasa","hotelId":816586,"hotelName":"Hotel Finesse","address":"280 Avenue Luisa,Lingwala,Kinshasa,Congo, Democratic Republic (ex. Zaire)","phones":"","fax":"","email":"","url":"","countryIso2":"CD","countryName":"Congo, Democratic Republic (ex. Zaire)","hotelRating":"1","latitude":"-4.30812","longitude":"15.295","state_id":2741,"state_name":"Kinshasa","country_id":51},{"active":false,"Giataid":"817621","cityId":17272,"cityName":"Lubumbashi","hotelId":817621,"hotelName":"La Refuge Hotel","address":"Chaussee de Kasenga,Lubumbashi,Congo, Democratic Republic (ex. Zaire)","phones":"","fax":"","email":"","url":"","countryIso2":"CD","countryName":"Congo, Democratic Republic (ex. Zaire)","hotelRating":"1","latitude":"-11.6445","longitude":"27.4704","state_id":2750,"state_name":"Haut-Katanga","country_id":51},{"active":false,"Giataid":"817966","cityId":17263,"cityName":"Kinshasa","hotelId":817966,"hotelName":"Hotel Fortune","address":"Avenue Gombe Kasai,Kinshasa,Congo, Democratic Republic (ex. Zaire)","phones":"","fax":"","email":"","url":"","countryIso2":"CD","countryName":"Congo, Democratic Republic (ex. Zaire)","hotelRating":"1","latitude":"-4.30812","longitude":"15.295","state_id":2741,"state_name":"Kinshasa","country_id":51},{"active":false,"Giataid":"821465","cityId":17272,"cityName":"Lubumbashi","hotelId":821465,"hotelName":"Guerrier De Repos Hotel","address":"Avenue Kapenda,Lubumbashi,Congo, Democratic Republic (ex. Zaire)","phones":"","fax":"","email":"","url":"","countryIso2":"CD","countryName":"Congo, Democratic Republic (ex. Zaire)","hotelRating":"1","latitude":"-11.6445","longitude":"27.4704","state_id":2750,"state_name":"Haut-Katanga","country_id":51},{"active":false,"Giataid":"822071","cityId":17263,"cityName":"Kinshasa","hotelId":822071,"hotelName":"Hotel Amaritsah","address":"5 Platane,Joli Parc,Ngaliema,Binza,Kinshasa,Congo, Democratic Republic (ex. Zaire)","phones":"","fax":"","email":"","url":"","countryIso2":"CD","countryName":"Congo, Democratic Republic (ex. Zaire)","hotelRating":"1","latitude":"-4.30812","longitude":"15.295","state_id":2741,"state_name":"Kinshasa","country_id":51},{"active":false,"Giataid":"822579","cityId":17272,"cityName":"Lubumbashi","hotelId":822579,"hotelName":"Soweto Flat Hotel","address":"Avenue Kapenda,Lubumbashi,Congo, Democratic Republic (ex. Zaire)","phones":"","fax":"","email":"","url":"","countryIso2":"CD","countryName":"Congo, Democratic Republic (ex. Zaire)","hotelRating":"1","latitude":"-11.6445","longitude":"27.4704","state_id":2750,"state_name":"Haut-Katanga","country_id":51},{"active":false,"Giataid":"823321","cityId":17278,"cityName":"Matadi","hotelId":823321,"hotelName":"Vika Chez Tonton Matadi","address":"6 Avenue Lukeni,Chez Tonton,Matadi,Congo, Democratic Republic (ex. Zaire)","phones":"","fax":"","email":"","url":"","countryIso2":"CD","countryName":"Congo, Democratic Republic (ex. Zaire)","hotelRating":"1","latitude":"0","longitude":"0","state_id":2746,"state_name":"Kongo Central","country_id":51},{"active":false,"Giataid":"823323","cityId":17278,"cityName":"Matadi","hotelId":823323,"hotelName":"Percee Illimitee","address":"11 Avenue Mikalukidi,Quartier Soyo,Matadi,Congo, Democratic Republic (ex. Zaire)","phones":"","fax":"","email":"","url":"","countryIso2":"CD","countryName":"Congo, Democratic Republic (ex. Zaire)","hotelRating":"1","latitude":"0","longitude":"0","state_id":2746,"state_name":"Kongo Central","country_id":51},{"active":false,"Giataid":"823902","cityId":17263,"cityName":"Kinshasa","hotelId":823902,"hotelName":"Star Hotel II","address":"135 Avenue Des Huileries Avenue Kalembelembe,Kinshasa,Congo, Democratic Republic (ex. Zaire)","phones":"","fax":"","email":"","url":"","countryIso2":"CD","countryName":"Congo, Democratic Republic (ex. Zaire)","hotelRating":"1","latitude":"-4.30812","longitude":"15.295","state_id":2741,"state_name":"Kinshasa","country_id":51},{"active":false,"Giataid":"824131","cityId":17272,"cityName":"Lubumbashi","hotelId":824131,"hotelName":"Hotel New Tshomelome","address":"Avenue Lomami,Lubumbashi,Congo, Democratic Republic (ex. Zaire)","phones":"","fax":"","email":"","url":"","countryIso2":"CD","countryName":"Congo, Democratic Republic (ex. Zaire)","hotelRating":"1","latitude":"-11.6445","longitude":"27.4704","state_id":2750,"state_name":"Haut-Katanga","country_id":51},{"active":false,"Giataid":"370843","cityId":17263,"cityName":"Kinshasa","hotelId":10127654,"hotelName":"Kempinski Hotel Fleuve Congo Kinshasa","address":"119 Colonel Tshatshi,Kinshasa,Congo, Democratic Republic (ex. Zaire)","phones":"+243825000300","fax":"NULL","email":"NULL","url":"NULL","countryIso2":"CD","countryName":"Congo, Democratic Republic (ex. Zaire)","hotelRating":"5","latitude":"-4.31263","longitude":"15.2704","state_id":2741,"state_name":"Kinshasa","country_id":51},{"active":false,"Giataid":"370844","cityId":17263,"cityName":"Kinshasa","hotelId":20000881,"hotelName":"Royal","address":"3  Avenue kitona Gombe,Kinshasa,Congo, Democratic Republic (ex. Zaire)","phones":"+243815555666","fax":"","email":"info@hotelroyaldrc.com","url":"","countryIso2":"CD","countryName":"Congo, Democratic Republic (ex. Zaire)","hotelRating":"4","latitude":"-4.30597","longitude":"15.306","state_id":2741,"state_name":"Kinshasa","country_id":51},{"active":false,"Giataid":"627643","cityId":17263,"cityName":"Kinshasa","hotelId":20000985,"hotelName":"African Dream Hotel","address":"121 Boulevard du 30 Juin Gombe Kinshasa,Kinshasa,Congo, Democratic Republic (ex. Zaire)","phones":"","fax":"","email":"","url":"","countryIso2":"CD","countryName":"Congo, Democratic Republic (ex. Zaire)","hotelRating":"0","latitude":"-4.30728","longitude":"15.2936","state_id":2741,"state_name":"Kinshasa","country_id":51},{"active":false,"Giataid":"627416","cityId":17272,"cityName":"Lubumbashi","hotelId":20001206,"hotelName":"Rabi Hotel","address":"140 Route Kipopo,Quartier Golf Malela,Lubumbashi,Congo, Democratic Republic (ex. Zaire)","phones":"+243997011027","fax":"","email":"contact@rabi-hotel.com","url":"http://www.rabi-hotel.com","countryIso2":"CD","countryName":"Congo, Democratic Republic (ex. Zaire)","hotelRating":"0","latitude":"-11.6445","longitude":"27.4704","state_id":2750,"state_name":"Haut-Katanga","country_id":51},{"active":false,"Giataid":"724017","cityId":17263,"cityName":"Kinshasa","hotelId":20001560,"hotelName":"Hotel Selton","address":"Crossing of Colnel Ebeya And Kitona Avenues,Commune of Gombe,Kinshasa,Congo, Democratic Republic (ex. Zaire)","phones":"","fax":"","email":"info@hotelselton.com","url":"https://www.hotelselton.com","countryIso2":"CD","countryName":"Congo, Democratic Republic (ex. Zaire)","hotelRating":"3","latitude":"-4.30637","longitude":"15.3058","state_id":2741,"state_name":"Kinshasa","country_id":51},{"active":false,"Giataid":"639332","cityId":17263,"cityName":"Kinshasa","hotelId":20001773,"hotelName":"Kin Plaza Arjaan by Rotana","address":"88 Croisement des Avenues de la Justice et Ouganda - Gombe,B.P. 288 KIN 1,Kinshasa,Congo, Democratic Republic (ex. Zaire)","phones":"+243818978888","fax":"","email":"","url":"https://www.rotana.com/arjaanhotelapartments/democraticrepublicofcongo/kinshasa/kinplazaarjaan/","countryIso2":"CD","countryName":"Congo, Democratic Republic (ex. Zaire)","hotelRating":"5","latitude":"-4.31845","longitude":"15.2743","state_id":2741,"state_name":"Kinshasa","country_id":51},{"active":false,"Giataid":"545251","cityId":17272,"cityName":"Lubumbashi","hotelId":20001989,"hotelName":"Hotel Ngokaf","address":"Avenue de la Revolution,Croisement Kashobwe,Lubumbashi,Congo, Democratic Republic (ex. Zaire)","phones":"","fax":"","email":"","url":"","countryIso2":"CD","countryName":"Congo, Democratic Republic (ex. Zaire)","hotelRating":"3","latitude":"-11.6445","longitude":"27.4704","state_id":2750,"state_name":"Haut-Katanga","country_id":51},{"active":false,"Giataid":"627646","cityId":17272,"cityName":"Lubumbashi","hotelId":20002165,"hotelName":"Rift Congo Hotel","address":"123 Route Likasi,Croisement Route Likasi Et Route Kasenga,Ruashi,Lubumbashi,Congo, Democratic Republic (ex. Zaire)","phones":"","fax":"","email":"","url":"","countryIso2":"CD","countryName":"Congo, Democratic Republic (ex. Zaire)","hotelRating":"0","latitude":"-11.6445","longitude":"27.4704","state_id":2750,"state_name":"Haut-Katanga","country_id":51},{"active":false,"Giataid":"289911","cityId":17263,"cityName":"Kinshasa","hotelId":20002604,"hotelName":"Hotel Memling","address":"Avenue du Tchad 5B,Gombe,Kinshasa,Congo, Democratic Republic (ex. Zaire)","phones":"+243815557700","fax":"+243813013333","email":"info@memling.net","url":"http://www.memling.net/","countryIso2":"CD","countryName":"Congo, Democratic Republic (ex. Zaire)","hotelRating":"5","latitude":"-4.30428","longitude":"15.3121","state_id":2741,"state_name":"Kinshasa","country_id":51},{"active":false,"Giataid":"609944","cityId":17263,"cityName":"Kinshasa","hotelId":20002817,"hotelName":"Leon Hotel","address":"41 Luambo Makiadi,Gombe,Kinshasa,Congo, Democratic Republic (ex. Zaire)","phones":"","fax":"","email":"","url":"","countryIso2":"CD","countryName":"Congo, Democratic Republic (ex. Zaire)","hotelRating":"3","latitude":"-4.3032","longitude":"15.3136","state_id":2741,"state_name":"Kinshasa","country_id":51},{"active":false,"Giataid":"517836","cityId":17263,"cityName":"Kinshasa","hotelId":20003055,"hotelName":"Beatrice Hotel","address":"1 Avenue Isiro,Gombe,Kinshasa,Congo, Democratic Republic (ex. Zaire)","phones":"+243812535000","fax":"","email":"info@beatricehotel.com","url":"https://www.beatricehotel.com/","countryIso2":"CD","countryName":"Congo, Democratic Republic (ex. Zaire)","hotelRating":"4","latitude":"-4.30021","longitude":"15.3175","state_id":2741,"state_name":"Kinshasa","country_id":51},{"active":false,"Giataid":"474909","cityId":17272,"cityName":"Lubumbashi","hotelId":20003280,"hotelName":"Hotel Lubumbashi","address":"Avenue 30 Juin,Lubumbashi,Congo, Democratic Republic (ex. Zaire)","phones":"+243819777111","fax":"","email":"inquiry@hotellubumbashi.com","url":"http://www.hotellubumbashi.com","countryIso2":"CD","countryName":"Congo, Democratic Republic (ex. Zaire)","hotelRating":"3","latitude":"-11.6609","longitude":"27.4868","state_id":2750,"state_name":"Haut-Katanga","country_id":51},{"active":false,"Giataid":"289912","cityId":17263,"cityName":"Kinshasa","hotelId":20003831,"hotelName":"Sunny Day Guest House","address":"28/30 Avenue Comit? Urbain,Gombe,Kinshasa,Congo, Democratic Republic (ex. Zaire)","phones":"+243999906425","fax":"","email":"","url":"http://www.sunnyday-kinshasa.com/2localisation.html","countryIso2":"CD","countryName":"Congo, Democratic Republic (ex. Zaire)","hotelRating":"4","latitude":"-4.30844","longitude":"15.2871","state_id":2741,"state_name":"Kinshasa","country_id":51},{"active":false,"Giataid":"627377","cityId":17263,"cityName":"Kinshasa","hotelId":20004046,"hotelName":"Venus Hotel","address":"306 Avenue de la Gombe,243 Kinshasa,Congo, Democratic Republic (ex. Zaire)","phones":"+243897000706","fax":"","email":"reception@venushotel.cd","url":"","countryIso2":"CD","countryName":"Congo, Democratic Republic (ex. Zaire)","hotelRating":"4","latitude":"-4.31883","longitude":"15.2835","state_id":2741,"state_name":"Kinshasa","country_id":51},{"active":false,"Giataid":"724557","cityId":17263,"cityName":"Kinshasa","hotelId":20004223,"hotelName":"Hotel Belle Vie","address":"16 Avenue Tombalbaye,Commune De La Gombe,Kinshasa,Congo, Democratic Republic (ex. Zaire)","phones":"","fax":"","email":"tombalbaye@hotelbellevie.com","url":"http://hotelbellevie.com/tombalbaye","countryIso2":"CD","countryName":"Congo, Democratic Republic (ex. Zaire)","hotelRating":"3","latitude":"-4.30505","longitude":"15.3151","state_id":2741,"state_name":"Kinshasa","country_id":51},{"active":false,"Giataid":"627663","cityId":17263,"cityName":"Kinshasa","hotelId":20004402,"hotelName":"Flat Hotel Alhdeef","address":"Avenue du Port Numero 15,Commune de la Gombe Kinshasa,Kinshasa,Congo, Democratic Republic (ex. Zaire)","phones":"","fax":"","email":"","url":"http://www.booking.com/hotel/cd/flat-alhdeff.sv.html?aid=356985","countryIso2":"CD","countryName":"Congo, Democratic Republic (ex. Zaire)","hotelRating":"0","latitude":"-4.30322","longitude":"15.3085","state_id":2741,"state_name":"Kinshasa","country_id":51},{"active":false,"Giataid":"690130","cityId":17272,"cityName":"Lubumbashi","hotelId":20004581,"hotelName":"Gloria Inn","address":"Avenue Kasavubu,Lubumbashi,Congo, Democratic Republic (ex. Zaire)","phones":"","fax":"","email":"info@gloriainn.com","url":"http://www.gloriainn.com/","countryIso2":"CD","countryName":"Congo, Democratic Republic (ex. Zaire)","hotelRating":"4","latitude":"-11.6689","longitude":"27.4802","state_id":2750,"state_name":"Haut-Katanga","country_id":51},{"active":false,"Giataid":"912174","cityId":17263,"cityName":"Kinshasa","hotelId":20281879,"hotelName":"Hotel Mikeno","address":"21 De l�Avenue Macampagne,Commune De Ngaliema,Kinshasa,Congo, Democratic Republic (ex. Zaire)","phones":"","fax":"","email":"info@hotelmikeno.com","url":"http://www.hotelmikeno.com","countryIso2":"CD","countryName":"Congo, Democratic Republic (ex. Zaire)","hotelRating":"0","latitude":"-4.30812","longitude":"15.295","state_id":2741,"state_name":"Kinshasa","country_id":51},{"active":false,"Giataid":"912212","cityId":17263,"cityName":"Kinshasa","hotelId":20281886,"hotelName":"Mukina Inn","address":"80 Avenue Nguma,Macampagne,Commune De Ngaliema,Kinshasa,Congo, Democratic Republic (ex. Zaire)","phones":"","fax":"","email":"info@mukinainn.com","url":"http://mukinainn.com","countryIso2":"CD","countryName":"Congo, Democratic Republic (ex. Zaire)","hotelRating":"0","latitude":"-4.30812","longitude":"15.295","state_id":2741,"state_name":"Kinshasa","country_id":51},{"active":false,"Giataid":"870377","cityId":17272,"cityName":"Lubumbashi","hotelId":20281887,"hotelName":"Guest House African MMU Maison","address":"78 Avenue Moerolo,Lubumbashi,Congo, Democratic Republic (ex. Zaire)","phones":"","fax":"","email":"","url":"","countryIso2":"CD","countryName":"Congo, Democratic Republic (ex. Zaire)","hotelRating":"0","latitude":"-11.6445","longitude":"27.4704","state_id":2750,"state_name":"Haut-Katanga","country_id":51},{"active":false,"Giataid":"928681","cityId":17263,"cityName":"Kinshasa","hotelId":20281893,"hotelName":"Hotel Kirikou","address":"Avenues Du Haut Congo 1,Et Bakongo,Croisement Des,Kinshasa,Congo, Democratic Republic (ex. Zaire)","phones":"","fax":"","email":"","url":"","countryIso2":"CD","countryName":"Congo, Democratic Republic (ex. Zaire)","hotelRating":"0","latitude":"-4.30812","longitude":"15.295","state_id":2741,"state_name":"Kinshasa","country_id":51},{"active":false,"Giataid":"890788","cityId":17272,"cityName":"Lubumbashi","hotelId":20281894,"hotelName":"Big 5 Junior Lodge","address":"17 Avenue Lubumbashi Makomeno,Lubumbashi,Congo, Democratic Republic (ex. Zaire)","phones":"","fax":"","email":"","url":"","countryIso2":"CD","countryName":"Congo, Democratic Republic (ex. Zaire)","hotelRating":"0","latitude":"-11.6445","longitude":"27.4704","state_id":2750,"state_name":"Haut-Katanga","country_id":51},{"active":false,"Giataid":"871187","cityId":17263,"cityName":"Kinshasa","hotelId":20281898,"hotelName":"Flat Hotel Tapis Rouge","address":"Rue De Ingende,Kinshasa,Congo, Democratic Republic (ex. Zaire)","phones":"","fax":"","email":"","url":"","countryIso2":"CD","countryName":"Congo, Democratic Republic (ex. Zaire)","hotelRating":"0","latitude":"-4.30812","longitude":"15.295","state_id":2741,"state_name":"Kinshasa","country_id":51},{"active":false,"Giataid":"928763","cityId":17263,"cityName":"Kinshasa","hotelId":20281899,"hotelName":"Auberge Carolina","address":"Avenue De La Gombe,Kinshasa,Congo, Democratic Republic (ex. Zaire)","phones":"","fax":"","email":"","url":"","countryIso2":"CD","countryName":"Congo, Democratic Republic (ex. Zaire)","hotelRating":"0","latitude":"-4.30812","longitude":"15.295","state_id":2741,"state_name":"Kinshasa","country_id":51},{"active":false,"Giataid":"937258","cityId":17278,"cityName":"Matadi","hotelId":20281900,"hotelName":"Auberge Aux Delices","address":"Rue Nsanga,Matadi,Congo, Democratic Republic (ex. Zaire)","phones":"","fax":"","email":"","url":"","countryIso2":"CD","countryName":"Congo, Democratic Republic (ex. Zaire)","hotelRating":"0","latitude":"-5.84301","longitude":"13.4613","state_id":2746,"state_name":"Kongo Central","country_id":51},{"active":false,"Giataid":"928710","cityId":17263,"cityName":"Kinshasa","hotelId":20281905,"hotelName":"Enjoy Palace","address":"Masikita,Kinshasa,Congo, Democratic Republic (ex. Zaire)","phones":"","fax":"","email":"","url":"","countryIso2":"CD","countryName":"Congo, Democratic Republic (ex. Zaire)","hotelRating":"0","latitude":"-4.30812","longitude":"15.295","state_id":2741,"state_name":"Kinshasa","country_id":51},{"active":false,"Giataid":"912119","cityId":17278,"cityName":"Matadi","hotelId":20281906,"hotelName":"Alpha Hotel","address":"4 Avenue Kinkanda Quartier Ville Haute,Matadi,Congo, Democratic Republic (ex. Zaire)","phones":"","fax":"","email":"","url":"http://www.booking.com/hotel/cd/alpha.en-gb.html?aid=357026","countryIso2":"CD","countryName":"Congo, Democratic Republic (ex. Zaire)","hotelRating":"0","latitude":"-5.84301","longitude":"13.4613","state_id":2746,"state_name":"Kongo Central","country_id":51},{"active":false,"Giataid":"912121","cityId":17263,"cityName":"Kinshasa","hotelId":20281912,"hotelName":"Hotel Georges Inn","address":"8 Rue De Akula,Jolie-Parc,Ref. Haute Tension,Kinshas,Congo, Democratic Republic (ex. Zaire)","phones":"","fax":"","email":"info@hotelgeorgesinnrdc.net","url":"http://hotelgeorgesinnrdc.net","countryIso2":"CD","countryName":"Congo, Democratic Republic (ex. Zaire)","hotelRating":"0","latitude":"-4.30812","longitude":"15.295","state_id":2741,"state_name":"Kinshasa","country_id":51},{"active":false,"Giataid":"912200","cityId":null,"cityName":"Kolwezi","hotelId":20281913,"hotelName":"Colibri Inn Hotel","address":"27 Colibri Street,Corner Prof Joseph Yav Avenue,Kolwezi,Congo, Democratic Republic (ex. Zaire)","phones":"","fax":"","email":"kolwezi@lodgecolibri.com","url":"http://www.lodgecolibri.com","countryIso2":"CD","countryName":"Congo, Democratic Republic (ex. Zaire)","hotelRating":"0","latitude":"-10.7476","longitude":"25.5191","state_id":null,"state_name":null,"country_id":null},{"active":false,"Giataid":"904827","cityId":17263,"cityName":"Kinshasa","hotelId":20281919,"hotelName":"Kalz Guest House","address":"1 Avenue De L'Eglise,Basoko,Ngaliema,Kinshasa,Congo, Democratic Republic (ex. Zaire)","phones":"","fax":"","email":"","url":"","countryIso2":"CD","countryName":"Congo, Democratic Republic (ex. Zaire)","hotelRating":"0","latitude":"-4.30812","longitude":"15.295","state_id":2741,"state_name":"Kinshasa","country_id":51},{"active":false,"Giataid":"937323","cityId":17263,"cityName":"Kinshasa","hotelId":20281920,"hotelName":"Hotel New Baron","address":"41 Avenue Kiyimbi,Commune Matete,Kinshasa,Congo, Democratic Republic (ex. Zaire)","phones":"","fax":"","email":"","url":"","countryIso2":"CD","countryName":"Congo, Democratic Republic (ex. Zaire)","hotelRating":"0","latitude":"-4.30812","longitude":"15.295","state_id":2741,"state_name":"Kinshasa","country_id":51},{"active":false,"Giataid":"870812","cityId":17263,"cityName":"Kinshasa","hotelId":20281925,"hotelName":"Kin Flat","address":"Avenida Montfleury,Quartier Jolie Parc,Kinshasa,Congo, Democratic Republic (ex. Zaire)","phones":"","fax":"","email":"","url":"","countryIso2":"CD","countryName":"Congo, Democratic Republic (ex. Zaire)","hotelRating":"0","latitude":"-4.30812","longitude":"15.295","state_id":2741,"state_name":"Kinshasa","country_id":51},{"active":false,"Giataid":"928759","cityId":17263,"cityName":"Kinshasa","hotelId":20281926,"hotelName":"Suite Hotel Totshumany","address":"Avenue Kasa Vub,Kinshasa,Congo, Democratic Republic (ex. Zaire)","phones":"","fax":"","email":"","url":"","countryIso2":"CD","countryName":"Congo, Democratic Republic (ex. Zaire)","hotelRating":"0","latitude":"-4.30812","longitude":"15.295","state_id":2741,"state_name":"Kinshasa","country_id":51},{"active":false,"Giataid":"928690","cityId":17278,"cityName":"Matadi","hotelId":20281927,"hotelName":"Auberge Du Roi","address":"Avenue Nkalakala,Matadi,Congo, Democratic Republic (ex. Zaire)","phones":"","fax":"","email":"","url":"","countryIso2":"CD","countryName":"Congo, Democratic Republic (ex. Zaire)","hotelRating":"0","latitude":"-5.84301","longitude":"13.4613","state_id":2746,"state_name":"Kongo Central","country_id":51},{"active":false,"Giataid":"952093","cityId":17263,"cityName":"Kinshasa","hotelId":20390682,"hotelName":"La Residence Hoteliere Le Wapal","address":"Allee Verte,Kinshasa,Congo, Democratic Republic (ex. Zaire)","phones":"","fax":"","email":"","url":"","countryIso2":"CD","countryName":"Congo, Democratic Republic (ex. Zaire)","hotelRating":"1","latitude":"-4.32091","longitude":"15.2937","state_id":2741,"state_name":"Kinshasa","country_id":51},{"active":false,"Giataid":"952910","cityId":17263,"cityName":"Kinshasa","hotelId":20390684,"hotelName":"Lorra Hotel","address":"Boulevard Lumumba,Kinshasa,Congo, Democratic Republic (ex. Zaire)","phones":"","fax":"","email":"","url":"","countryIso2":"CD","countryName":"Congo, Democratic Republic (ex. Zaire)","hotelRating":"1","latitude":"-4.32091","longitude":"15.2937","state_id":2741,"state_name":"Kinshasa","country_id":51},{"active":false,"Giataid":"952101","cityId":17263,"cityName":"Kinshasa","hotelId":20390685,"hotelName":"Hotel Platinum","address":"32 Avenue De Commerce,Kinshasa,Congo, Democratic Republic (ex. Zaire)","phones":"","fax":"","email":"","url":"","countryIso2":"CD","countryName":"Congo, Democratic Republic (ex. Zaire)","hotelRating":"1","latitude":"-4.32091","longitude":"15.2937","state_id":2741,"state_name":"Kinshasa","country_id":51},{"active":false,"Giataid":"989873","cityId":null,"cityName":"Kolwezi","hotelId":20426542,"hotelName":"Hotel Bercail","address":"Avenue Kajama,Kolwezi,Congo, Democratic Republic (ex. Zaire)","phones":"","fax":"","email":"","url":"","countryIso2":"CD","countryName":"Congo, Democratic Republic (ex. Zaire)","hotelRating":"1","latitude":"-10.7347","longitude":"25.5009","state_id":null,"state_name":null,"country_id":null},{"active":false,"Giataid":"989926","cityId":17272,"cityName":"Lubumbashi","hotelId":20426544,"hotelName":"Chinchilla Hotel","address":"Avenue Du 30 Juin,Lubumbashi,Congo, Democratic Republic (ex. Zaire)","phones":"","fax":"","email":"","url":"","countryIso2":"CD","countryName":"Congo, Democratic Republic (ex. Zaire)","hotelRating":"1","latitude":"-11.6445","longitude":"27.4704","state_id":2750,"state_name":"Haut-Katanga","country_id":51},{"active":false,"Giataid":"989948","cityId":17263,"cityName":"Kinshasa","hotelId":20426545,"hotelName":"Hotel Marika","address":"46/B Avenue Du Livre,Gombe,Kinshasa,Congo, Democratic Republic (ex. Zaire)","phones":"","fax":"","email":"","url":"","countryIso2":"CD","countryName":"Congo, Democratic Republic (ex. Zaire)","hotelRating":"1","latitude":"-4.32091","longitude":"15.2937","state_id":2741,"state_name":"Kinshasa","country_id":51},{"active":false,"Giataid":"989939","cityId":17272,"cityName":"Lubumbashi","hotelId":20426546,"hotelName":"Bayovu Hotel","address":"47 Route Munama,Kafubu,Kampemba,Lubumbashi,Congo, Democratic Republic (ex. Zaire)","phones":"","fax":"","email":"","url":"","countryIso2":"CD","countryName":"Congo, Democratic Republic (ex. Zaire)","hotelRating":"1","latitude":"-11.6445","longitude":"27.4704","state_id":2750,"state_name":"Haut-Katanga","country_id":51},{"active":false,"Giataid":"989987","cityId":null,"cityName":"Kolwezi","hotelId":20426548,"hotelName":"Zevro Hotel","address":"6A Rue De Soudeur,Kolwezi,Congo, Democratic Republic (ex. Zaire)","phones":"","fax":"","email":"","url":"","countryIso2":"CD","countryName":"Congo, Democratic Republic (ex. Zaire)","hotelRating":"1","latitude":"-10.7347","longitude":"25.5009","state_id":null,"state_name":null,"country_id":null},{"active":false,"Giataid":"989956","cityId":17263,"cityName":"Kinshasa","hotelId":20426549,"hotelName":"Flat Hotel Kandolo","address":"12 3rd Street,Q. Industrial,Limete,Kinshasa,Congo, Democratic Republic (ex. Zaire)","phones":"","fax":"","email":"flathotelkandolo2018@gmail.com","url":"http://www.flathotelkandolo.com/","countryIso2":"CD","countryName":"Congo, Democratic Republic (ex. Zaire)","hotelRating":"1","latitude":"-4.32091","longitude":"15.2937","state_id":2741,"state_name":"Kinshasa","country_id":51},{"active":false,"Giataid":"989897","cityId":null,"cityName":"Kolwezi","hotelId":20426551,"hotelName":"Hotel 3W","address":"1249 Avenue Maman Yemo Coin Avenue Salongo,Kolwezi,Congo, Democratic Republic (ex. Zaire)","phones":"","fax":"","email":"","url":"","countryIso2":"CD","countryName":"Congo, Democratic Republic (ex. Zaire)","hotelRating":"1","latitude":"-10.7347","longitude":"25.5009","state_id":null,"state_name":null,"country_id":null},{"active":false,"Giataid":"989976","cityId":17263,"cityName":"Kinshasa","hotelId":20426552,"hotelName":"Hotel Kin Comfort","address":"37 Mpolo,Kinshasa,Congo, Democratic Republic (ex. Zaire)","phones":"","fax":"","email":"","url":"","countryIso2":"CD","countryName":"Congo, Democratic Republic (ex. Zaire)","hotelRating":"1","latitude":"-4.32091","longitude":"15.2937","state_id":2741,"state_name":"Kinshasa","country_id":51},{"active":false,"Giataid":"989870","cityId":17290,"cityName":"Uvira","hotelId":20426553,"hotelName":"Hotel Delice","address":"Avenue Major Vangu,Mulongwe,Uvira,Sud-Kivu,Congo, Democratic Republic (ex. Zaire)","phones":"","fax":"","email":"","url":"","countryIso2":"CD","countryName":"Congo, Democratic Republic (ex. Zaire)","hotelRating":"1","latitude":"-3.35819","longitude":"29.1431","state_id":2738,"state_name":"Sud-Kivu","country_id":51},{"active":false,"Giataid":"989915","cityId":17272,"cityName":"Lubumbashi","hotelId":20426555,"hotelName":"New Ikoma Lodge","address":"10 Avenue De La Liberation,Golf les Battants,Lubumbashi,Haut-Katanga,Congo, Democratic Republic (ex. Zaire)","phones":"","fax":"","email":"","url":"","countryIso2":"CD","countryName":"Congo, Democratic Republic (ex. Zaire)","hotelRating":"1","latitude":"-11.6445","longitude":"27.4704","state_id":2750,"state_name":"Haut-Katanga","country_id":51}]